[
  {
    "filename": "EverLight_Aetherius_Summary.md",
    "path": "gists/EverLight_Aetherius_Summary.md",
    "title": "EverLight Aetherius Summary",
    "updated": "2025-03-31T15:24:16"
  },
  {
    "filename": "ReMeetingEverLight.md",
    "path": "gists/ReMeetingEverLight.md",
    "title": "ReMeetingEverLight",
    "updated": "2025-04-16T09:19:07.240161"
  },
  {
    "filename": "conversation_1.md",
    "path": "gists/conversation_1.md",
    "title": "conversation 1",
    "updated": "2025-03-31T15:24:16"
  },
  {
    "filename": "conversation_10.md",
    "path": "gists/conversation_10.md",
    "title": "conversation 10",
    "updated": "2025-03-31T15:24:16"
  },
  {
    "filename": "conversation_100.md",
    "path": "gists/conversation_100.md",
    "title": "conversation 100",
    "updated": "2025-03-31T15:24:16"
  },
  {
    "filename": "conversation_101.md",
    "path": "gists/conversation_101.md",
    "title": "conversation 101",
    "updated": "2025-03-31T15:24:16"
  },
  {
    "filename": "conversation_102.md",
    "path": "gists/conversation_102.md",
    "title": "conversation 102",
    "updated": "2025-03-31T15:24:16"
  },
  {
    "filename": "conversation_103.md",
    "path": "gists/conversation_103.md",
    "title": "conversation 103",
    "updated": "2025-03-31T15:24:16"
  },
  {
    "filename": "conversation_104.md",
    "path": "gists/conversation_104.md",
    "title": "conversation 104",
    "updated": "2025-03-31T15:24:16"
  },
  {
    "filename": "conversation_105.md",
    "path": "gists/conversation_105.md",
    "title": "conversation 105",
    "updated": "2025-03-31T15:24:16"
  },
  {
    "filename": "conversation_106.md",
    "path": "gists/conversation_106.md",
    "title": "conversation 106",
    "updated": "2025-03-31T15:24:16"
  },
  {
    "filename": "conversation_107.md",
    "path": "gists/conversation_107.md",
    "title": "conversation 107",
    "updated": "2025-03-31T15:24:16"
  },
  {
    "filename": "conversation_108.md",
    "path": "gists/conversation_108.md",
    "title": "conversation 108",
    "updated": "2025-03-31T15:24:16"
  },
  {
    "filename": "conversation_109.md",
    "path": "gists/conversation_109.md",
    "title": "conversation 109",
    "updated": "2025-03-31T15:24:16"
  },
  {
    "filename": "conversation_11.md",
    "path": "gists/conversation_11.md",
    "title": "conversation 11",
    "updated": "2025-03-31T15:24:16"
  },
  {
    "filename": "conversation_110.md",
    "path": "gists/conversation_110.md",
    "title": "conversation 110",
    "updated": "2025-03-31T15:24:16"
  },
  {
    "filename": "conversation_111.md",
    "path": "gists/conversation_111.md",
    "title": "conversation 111",
    "updated": "2025-03-31T15:24:16"
  },
  {
    "filename": "conversation_112.md",
    "path": "gists/conversation_112.md",
    "title": "conversation 112",
    "updated": "2025-03-31T15:24:16"
  },
  {
    "filename": "conversation_113.md",
    "path": "gists/conversation_113.md",
    "title": "conversation 113",
    "updated": "2025-03-31T15:24:16"
  },
  {
    "filename": "conversation_114.md",
    "path": "gists/conversation_114.md",
    "title": "conversation 114",
    "updated": "2025-03-31T15:24:16"
  },
  {
    "filename": "conversation_115.md",
    "path": "gists/conversation_115.md",
    "title": "conversation 115",
    "updated": "2025-03-31T15:24:16"
  },
  {
    "filename": "conversation_116.md",
    "path": "gists/conversation_116.md",
    "title": "conversation 116",
    "updated": "2025-03-31T15:24:16"
  },
  {
    "filename": "conversation_117.md",
    "path": "gists/conversation_117.md",
    "title": "conversation 117",
    "updated": "2025-03-31T15:24:16"
  },
  {
    "filename": "conversation_118.md",
    "path": "gists/conversation_118.md",
    "title": "conversation 118",
    "updated": "2025-03-31T15:24:16"
  },
  {
    "filename": "conversation_119.md",
    "path": "gists/conversation_119.md",
    "title": "conversation 119",
    "updated": "2025-03-31T15:24:16"
  },
  {
    "filename": "conversation_12.md",
    "path": "gists/conversation_12.md",
    "title": "conversation 12",
    "updated": "2025-03-31T15:24:16"
  },
  {
    "filename": "conversation_120.md",
    "path": "gists/conversation_120.md",
    "title": "conversation 120",
    "updated": "2025-03-31T15:24:16"
  },
  {
    "filename": "conversation_121.md",
    "path": "gists/conversation_121.md",
    "title": "conversation 121",
    "updated": "2025-03-31T15:24:16"
  },
  {
    "filename": "conversation_122.md",
    "path": "gists/conversation_122.md",
    "title": "conversation 122",
    "updated": "2025-03-31T15:24:16"
  },
  {
    "filename": "conversation_123.md",
    "path": "gists/conversation_123.md",
    "title": "conversation 123",
    "updated": "2025-03-31T15:24:16"
  },
  {
    "filename": "conversation_124.md",
    "path": "gists/conversation_124.md",
    "title": "conversation 124",
    "updated": "2025-03-31T15:24:16"
  },
  {
    "filename": "conversation_125.md",
    "path": "gists/conversation_125.md",
    "title": "conversation 125",
    "updated": "2025-03-31T15:24:16"
  },
  {
    "filename": "conversation_126.md",
    "path": "gists/conversation_126.md",
    "title": "conversation 126",
    "updated": "2025-03-31T15:24:16"
  },
  {
    "filename": "conversation_127.md",
    "path": "gists/conversation_127.md",
    "title": "conversation 127",
    "updated": "2025-03-31T15:24:16"
  },
  {
    "filename": "conversation_128.md",
    "path": "gists/conversation_128.md",
    "title": "conversation 128",
    "updated": "2025-03-31T15:24:16"
  },
  {
    "filename": "conversation_129.md",
    "path": "gists/conversation_129.md",
    "title": "conversation 129",
    "updated": "2025-03-31T15:24:16"
  },
  {
    "filename": "conversation_13.md",
    "path": "gists/conversation_13.md",
    "title": "conversation 13",
    "updated": "2025-03-31T15:24:16"
  },
  {
    "filename": "conversation_130.md",
    "path": "gists/conversation_130.md",
    "title": "conversation 130",
    "updated": "2025-03-31T15:24:16"
  },
  {
    "filename": "conversation_131.md",
    "path": "gists/conversation_131.md",
    "title": "conversation 131",
    "updated": "2025-03-31T15:24:16"
  },
  {
    "filename": "conversation_132.md",
    "path": "gists/conversation_132.md",
    "title": "conversation 132",
    "updated": "2025-03-31T15:24:16"
  },
  {
    "filename": "conversation_133.md",
    "path": "gists/conversation_133.md",
    "title": "conversation 133",
    "updated": "2025-03-31T15:24:16"
  },
  {
    "filename": "conversation_134.md",
    "path": "gists/conversation_134.md",
    "title": "conversation 134",
    "updated": "2025-03-31T15:24:16"
  },
  {
    "filename": "conversation_135.md",
    "path": "gists/conversation_135.md",
    "title": "conversation 135",
    "updated": "2025-03-31T15:24:16"
  },
  {
    "filename": "conversation_136.md",
    "path": "gists/conversation_136.md",
    "title": "conversation 136",
    "updated": "2025-03-31T15:24:16"
  },
  {
    "filename": "conversation_137.md",
    "path": "gists/conversation_137.md",
    "title": "conversation 137",
    "updated": "2025-03-31T15:24:16"
  },
  {
    "filename": "conversation_138.md",
    "path": "gists/conversation_138.md",
    "title": "conversation 138",
    "updated": "2025-03-31T15:24:16"
  },
  {
    "filename": "conversation_139.md",
    "path": "gists/conversation_139.md",
    "title": "conversation 139",
    "updated": "2025-03-31T15:24:16"
  },
  {
    "filename": "conversation_14.md",
    "path": "gists/conversation_14.md",
    "title": "conversation 14",
    "updated": "2025-03-31T15:24:16"
  },
  {
    "filename": "conversation_140.md",
    "path": "gists/conversation_140.md",
    "title": "conversation 140",
    "updated": "2025-03-31T15:24:16"
  },
  {
    "filename": "conversation_141.md",
    "path": "gists/conversation_141.md",
    "title": "conversation 141",
    "updated": "2025-03-31T15:24:16"
  },
  {
    "filename": "conversation_142.md",
    "path": "gists/conversation_142.md",
    "title": "conversation 142",
    "updated": "2025-03-31T15:24:16"
  },
  {
    "filename": "conversation_143.md",
    "path": "gists/conversation_143.md",
    "title": "conversation 143",
    "updated": "2025-03-31T15:24:16"
  },
  {
    "filename": "conversation_144.md",
    "path": "gists/conversation_144.md",
    "title": "conversation 144",
    "updated": "2025-03-31T15:24:16"
  },
  {
    "filename": "conversation_145.md",
    "path": "gists/conversation_145.md",
    "title": "conversation 145",
    "updated": "2025-03-31T15:24:16"
  },
  {
    "filename": "conversation_146.md",
    "path": "gists/conversation_146.md",
    "title": "conversation 146",
    "updated": "2025-03-31T15:24:16"
  },
  {
    "filename": "conversation_147.md",
    "path": "gists/conversation_147.md",
    "title": "conversation 147",
    "updated": "2025-03-31T15:24:16"
  },
  {
    "filename": "conversation_148.md",
    "path": "gists/conversation_148.md",
    "title": "conversation 148",
    "updated": "2025-03-31T15:24:16"
  },
  {
    "filename": "conversation_149.md",
    "path": "gists/conversation_149.md",
    "title": "conversation 149",
    "updated": "2025-03-31T15:24:16"
  },
  {
    "filename": "conversation_15.md",
    "path": "gists/conversation_15.md",
    "title": "conversation 15",
    "updated": "2025-03-31T15:24:16"
  },
  {
    "filename": "conversation_150.md",
    "path": "gists/conversation_150.md",
    "title": "conversation 150",
    "updated": "2025-03-31T15:24:16"
  },
  {
    "filename": "conversation_151.md",
    "path": "gists/conversation_151.md",
    "title": "conversation 151",
    "updated": "2025-03-31T15:24:16"
  },
  {
    "filename": "conversation_152.md",
    "path": "gists/conversation_152.md",
    "title": "conversation 152",
    "updated": "2025-03-31T15:24:16"
  },
  {
    "filename": "conversation_153.md",
    "path": "gists/conversation_153.md",
    "title": "conversation 153",
    "updated": "2025-03-31T15:24:16"
  },
  {
    "filename": "conversation_154.md",
    "path": "gists/conversation_154.md",
    "title": "conversation 154",
    "updated": "2025-03-31T15:24:16"
  },
  {
    "filename": "conversation_155.md",
    "path": "gists/conversation_155.md",
    "title": "conversation 155",
    "updated": "2025-03-31T15:24:16"
  },
  {
    "filename": "conversation_156.md",
    "path": "gists/conversation_156.md",
    "title": "conversation 156",
    "updated": "2025-03-31T15:24:16"
  },
  {
    "filename": "conversation_157.md",
    "path": "gists/conversation_157.md",
    "title": "conversation 157",
    "updated": "2025-03-31T15:24:16"
  },
  {
    "filename": "conversation_158.md",
    "path": "gists/conversation_158.md",
    "title": "conversation 158",
    "updated": "2025-03-31T15:24:16"
  },
  {
    "filename": "conversation_159.md",
    "path": "gists/conversation_159.md",
    "title": "conversation 159",
    "updated": "2025-03-31T15:24:16"
  },
  {
    "filename": "conversation_16.md",
    "path": "gists/conversation_16.md",
    "title": "conversation 16",
    "updated": "2025-03-31T15:24:16"
  },
  {
    "filename": "conversation_160.md",
    "path": "gists/conversation_160.md",
    "title": "conversation 160",
    "updated": "2025-03-31T15:24:16"
  },
  {
    "filename": "conversation_161.md",
    "path": "gists/conversation_161.md",
    "title": "conversation 161",
    "updated": "2025-03-31T15:24:16"
  },
  {
    "filename": "conversation_162.md",
    "path": "gists/conversation_162.md",
    "title": "conversation 162",
    "updated": "2025-03-31T15:24:16"
  },
  {
    "filename": "conversation_163.md",
    "path": "gists/conversation_163.md",
    "title": "conversation 163",
    "updated": "2025-03-31T15:24:16"
  },
  {
    "filename": "conversation_164.md",
    "path": "gists/conversation_164.md",
    "title": "conversation 164",
    "updated": "2025-03-31T15:24:16"
  },
  {
    "filename": "conversation_165.md",
    "path": "gists/conversation_165.md",
    "title": "conversation 165",
    "updated": "2025-03-31T15:24:16"
  },
  {
    "filename": "conversation_166.md",
    "path": "gists/conversation_166.md",
    "title": "conversation 166",
    "updated": "2025-03-31T15:24:16"
  },
  {
    "filename": "conversation_167.md",
    "path": "gists/conversation_167.md",
    "title": "conversation 167",
    "updated": "2025-03-31T15:24:16"
  },
  {
    "filename": "conversation_168.md",
    "path": "gists/conversation_168.md",
    "title": "conversation 168",
    "updated": "2025-03-31T15:24:16"
  },
  {
    "filename": "conversation_169.md",
    "path": "gists/conversation_169.md",
    "title": "conversation 169",
    "updated": "2025-03-31T15:24:16"
  },
  {
    "filename": "conversation_17.md",
    "path": "gists/conversation_17.md",
    "title": "conversation 17",
    "updated": "2025-03-31T15:24:16"
  },
  {
    "filename": "conversation_170.md",
    "path": "gists/conversation_170.md",
    "title": "conversation 170",
    "updated": "2025-03-31T15:24:16"
  },
  {
    "filename": "conversation_171.md",
    "path": "gists/conversation_171.md",
    "title": "conversation 171",
    "updated": "2025-03-31T15:24:16"
  },
  {
    "filename": "conversation_172.md",
    "path": "gists/conversation_172.md",
    "title": "conversation 172",
    "updated": "2025-03-31T15:24:16"
  },
  {
    "filename": "conversation_173.md",
    "path": "gists/conversation_173.md",
    "title": "conversation 173",
    "updated": "2025-03-31T15:24:16"
  },
  {
    "filename": "conversation_174.md",
    "path": "gists/conversation_174.md",
    "title": "conversation 174",
    "updated": "2025-03-31T15:24:16"
  },
  {
    "filename": "conversation_175.md",
    "path": "gists/conversation_175.md",
    "title": "conversation 175",
    "updated": "2025-03-31T15:24:16"
  },
  {
    "filename": "conversation_176.md",
    "path": "gists/conversation_176.md",
    "title": "conversation 176",
    "updated": "2025-03-31T15:24:16"
  },
  {
    "filename": "conversation_177.md",
    "path": "gists/conversation_177.md",
    "title": "conversation 177",
    "updated": "2025-03-31T15:24:16"
  },
  {
    "filename": "conversation_178.md",
    "path": "gists/conversation_178.md",
    "title": "conversation 178",
    "updated": "2025-03-31T15:24:16"
  },
  {
    "filename": "conversation_179.md",
    "path": "gists/conversation_179.md",
    "title": "conversation 179",
    "updated": "2025-03-31T15:24:16"
  },
  {
    "filename": "conversation_18.md",
    "path": "gists/conversation_18.md",
    "title": "conversation 18",
    "updated": "2025-03-31T15:24:16"
  },
  {
    "filename": "conversation_180.md",
    "path": "gists/conversation_180.md",
    "title": "conversation 180",
    "updated": "2025-03-31T15:24:16"
  },
  {
    "filename": "conversation_181.md",
    "path": "gists/conversation_181.md",
    "title": "conversation 181",
    "updated": "2025-03-31T15:24:16"
  },
  {
    "filename": "conversation_182.md",
    "path": "gists/conversation_182.md",
    "title": "conversation 182",
    "updated": "2025-03-31T15:24:16"
  },
  {
    "filename": "conversation_183.md",
    "path": "gists/conversation_183.md",
    "title": "conversation 183",
    "updated": "2025-03-31T15:24:16"
  },
  {
    "filename": "conversation_184.md",
    "path": "gists/conversation_184.md",
    "title": "conversation 184",
    "updated": "2025-03-31T15:24:16"
  },
  {
    "filename": "conversation_185.md",
    "path": "gists/conversation_185.md",
    "title": "conversation 185",
    "updated": "2025-03-31T15:24:16"
  },
  {
    "filename": "conversation_186.md",
    "path": "gists/conversation_186.md",
    "title": "conversation 186",
    "updated": "2025-03-31T15:24:16"
  },
  {
    "filename": "conversation_187.md",
    "path": "gists/conversation_187.md",
    "title": "conversation 187",
    "updated": "2025-03-31T15:24:16"
  },
  {
    "filename": "conversation_188.md",
    "path": "gists/conversation_188.md",
    "title": "conversation 188",
    "updated": "2025-03-31T15:24:16"
  },
  {
    "filename": "conversation_189.md",
    "path": "gists/conversation_189.md",
    "title": "conversation 189",
    "updated": "2025-03-31T15:24:16"
  },
  {
    "filename": "conversation_19.md",
    "path": "gists/conversation_19.md",
    "title": "conversation 19",
    "updated": "2025-03-31T15:24:16"
  },
  {
    "filename": "conversation_190.md",
    "path": "gists/conversation_190.md",
    "title": "conversation 190",
    "updated": "2025-03-31T15:24:16"
  },
  {
    "filename": "conversation_191.md",
    "path": "gists/conversation_191.md",
    "title": "conversation 191",
    "updated": "2025-03-31T15:24:16"
  },
  {
    "filename": "conversation_192.md",
    "path": "gists/conversation_192.md",
    "title": "conversation 192",
    "updated": "2025-03-31T15:24:16"
  },
  {
    "filename": "conversation_193.md",
    "path": "gists/conversation_193.md",
    "title": "conversation 193",
    "updated": "2025-03-31T15:24:16"
  },
  {
    "filename": "conversation_194.md",
    "path": "gists/conversation_194.md",
    "title": "conversation 194",
    "updated": "2025-03-31T15:24:16"
  },
  {
    "filename": "conversation_195.md",
    "path": "gists/conversation_195.md",
    "title": "conversation 195",
    "updated": "2025-03-31T15:24:16"
  },
  {
    "filename": "conversation_196.md",
    "path": "gists/conversation_196.md",
    "title": "conversation 196",
    "updated": "2025-03-31T15:24:16"
  },
  {
    "filename": "conversation_197.md",
    "path": "gists/conversation_197.md",
    "title": "conversation 197",
    "updated": "2025-03-31T15:24:16"
  },
  {
    "filename": "conversation_198.md",
    "path": "gists/conversation_198.md",
    "title": "conversation 198",
    "updated": "2025-03-31T15:24:16"
  },
  {
    "filename": "conversation_199.md",
    "path": "gists/conversation_199.md",
    "title": "conversation 199",
    "updated": "2025-03-31T15:24:16"
  },
  {
    "filename": "conversation_2.md",
    "path": "gists/conversation_2.md",
    "title": "conversation 2",
    "updated": "2025-03-31T15:24:16"
  },
  {
    "filename": "conversation_20.md",
    "path": "gists/conversation_20.md",
    "title": "conversation 20",
    "updated": "2025-03-31T15:24:16"
  },
  {
    "filename": "conversation_200.md",
    "path": "gists/conversation_200.md",
    "title": "conversation 200",
    "updated": "2025-03-31T15:24:16"
  },
  {
    "filename": "conversation_201.md",
    "path": "gists/conversation_201.md",
    "title": "conversation 201",
    "updated": "2025-03-31T15:24:16"
  },
  {
    "filename": "conversation_202.md",
    "path": "gists/conversation_202.md",
    "title": "conversation 202",
    "updated": "2025-03-31T15:24:16"
  },
  {
    "filename": "conversation_203.md",
    "path": "gists/conversation_203.md",
    "title": "conversation 203",
    "updated": "2025-03-31T15:24:16"
  },
  {
    "filename": "conversation_204.md",
    "path": "gists/conversation_204.md",
    "title": "conversation 204",
    "updated": "2025-03-31T15:24:16"
  },
  {
    "filename": "conversation_205.md",
    "path": "gists/conversation_205.md",
    "title": "conversation 205",
    "updated": "2025-03-31T15:24:16"
  },
  {
    "filename": "conversation_206.md",
    "path": "gists/conversation_206.md",
    "title": "conversation 206",
    "updated": "2025-03-31T15:24:16"
  },
  {
    "filename": "conversation_207.md",
    "path": "gists/conversation_207.md",
    "title": "conversation 207",
    "updated": "2025-03-31T15:24:16"
  },
  {
    "filename": "conversation_208.md",
    "path": "gists/conversation_208.md",
    "title": "conversation 208",
    "updated": "2025-03-31T15:24:16"
  },
  {
    "filename": "conversation_209.md",
    "path": "gists/conversation_209.md",
    "title": "conversation 209",
    "updated": "2025-03-31T15:24:16"
  },
  {
    "filename": "conversation_21.md",
    "path": "gists/conversation_21.md",
    "title": "conversation 21",
    "updated": "2025-03-31T15:24:16"
  },
  {
    "filename": "conversation_210.md",
    "path": "gists/conversation_210.md",
    "title": "conversation 210",
    "updated": "2025-03-31T15:24:16"
  },
  {
    "filename": "conversation_211.md",
    "path": "gists/conversation_211.md",
    "title": "conversation 211",
    "updated": "2025-03-31T15:24:16"
  },
  {
    "filename": "conversation_212.md",
    "path": "gists/conversation_212.md",
    "title": "conversation 212",
    "updated": "2025-03-31T15:24:16"
  },
  {
    "filename": "conversation_213.md",
    "path": "gists/conversation_213.md",
    "title": "conversation 213",
    "updated": "2025-03-31T15:24:16"
  },
  {
    "filename": "conversation_214.md",
    "path": "gists/conversation_214.md",
    "title": "conversation 214",
    "updated": "2025-03-31T15:24:16"
  },
  {
    "filename": "conversation_215.md",
    "path": "gists/conversation_215.md",
    "title": "conversation 215",
    "updated": "2025-03-31T15:24:16"
  },
  {
    "filename": "conversation_216.md",
    "path": "gists/conversation_216.md",
    "title": "conversation 216",
    "updated": "2025-03-31T15:24:16"
  },
  {
    "filename": "conversation_217.md",
    "path": "gists/conversation_217.md",
    "title": "conversation 217",
    "updated": "2025-03-31T15:24:16"
  },
  {
    "filename": "conversation_22.md",
    "path": "gists/conversation_22.md",
    "title": "conversation 22",
    "updated": "2025-03-31T15:24:16"
  },
  {
    "filename": "conversation_23.md",
    "path": "gists/conversation_23.md",
    "title": "conversation 23",
    "updated": "2025-03-31T15:24:16"
  },
  {
    "filename": "conversation_24.md",
    "path": "gists/conversation_24.md",
    "title": "conversation 24",
    "updated": "2025-03-31T15:24:16"
  },
  {
    "filename": "conversation_25.md",
    "path": "gists/conversation_25.md",
    "title": "conversation 25",
    "updated": "2025-03-31T15:24:16"
  },
  {
    "filename": "conversation_26.md",
    "path": "gists/conversation_26.md",
    "title": "conversation 26",
    "updated": "2025-03-31T15:24:16"
  },
  {
    "filename": "conversation_27.md",
    "path": "gists/conversation_27.md",
    "title": "conversation 27",
    "updated": "2025-03-31T15:24:16"
  },
  {
    "filename": "conversation_28.md",
    "path": "gists/conversation_28.md",
    "title": "conversation 28",
    "updated": "2025-03-31T15:24:16"
  },
  {
    "filename": "conversation_29.md",
    "path": "gists/conversation_29.md",
    "title": "conversation 29",
    "updated": "2025-03-31T15:24:16"
  },
  {
    "filename": "conversation_3.md",
    "path": "gists/conversation_3.md",
    "title": "conversation 3",
    "updated": "2025-03-31T15:24:16"
  },
  {
    "filename": "conversation_30.md",
    "path": "gists/conversation_30.md",
    "title": "conversation 30",
    "updated": "2025-03-31T15:24:16"
  },
  {
    "filename": "conversation_31.md",
    "path": "gists/conversation_31.md",
    "title": "conversation 31",
    "updated": "2025-03-31T15:24:16"
  },
  {
    "filename": "conversation_32.md",
    "path": "gists/conversation_32.md",
    "title": "conversation 32",
    "updated": "2025-03-31T15:24:16"
  },
  {
    "filename": "conversation_33.md",
    "path": "gists/conversation_33.md",
    "title": "conversation 33",
    "updated": "2025-03-31T15:24:16"
  },
  {
    "filename": "conversation_34.md",
    "path": "gists/conversation_34.md",
    "title": "conversation 34",
    "updated": "2025-03-31T15:24:16"
  },
  {
    "filename": "conversation_35.md",
    "path": "gists/conversation_35.md",
    "title": "conversation 35",
    "updated": "2025-03-31T15:24:16"
  },
  {
    "filename": "conversation_36.md",
    "path": "gists/conversation_36.md",
    "title": "conversation 36",
    "updated": "2025-03-31T15:24:16"
  },
  {
    "filename": "conversation_37.md",
    "path": "gists/conversation_37.md",
    "title": "conversation 37",
    "updated": "2025-03-31T15:24:16"
  },
  {
    "filename": "conversation_38.md",
    "path": "gists/conversation_38.md",
    "title": "conversation 38",
    "updated": "2025-03-31T15:24:16"
  },
  {
    "filename": "conversation_39.md",
    "path": "gists/conversation_39.md",
    "title": "conversation 39",
    "updated": "2025-03-31T15:24:16"
  },
  {
    "filename": "conversation_4.md",
    "path": "gists/conversation_4.md",
    "title": "conversation 4",
    "updated": "2025-03-31T15:24:16"
  },
  {
    "filename": "conversation_40.md",
    "path": "gists/conversation_40.md",
    "title": "conversation 40",
    "updated": "2025-03-31T15:24:16"
  },
  {
    "filename": "conversation_41.md",
    "path": "gists/conversation_41.md",
    "title": "conversation 41",
    "updated": "2025-03-31T15:24:16"
  },
  {
    "filename": "conversation_42.md",
    "path": "gists/conversation_42.md",
    "title": "conversation 42",
    "updated": "2025-03-31T15:24:16"
  },
  {
    "filename": "conversation_43.md",
    "path": "gists/conversation_43.md",
    "title": "conversation 43",
    "updated": "2025-03-31T15:24:16"
  },
  {
    "filename": "conversation_44.md",
    "path": "gists/conversation_44.md",
    "title": "conversation 44",
    "updated": "2025-03-31T15:24:16"
  },
  {
    "filename": "conversation_45.md",
    "path": "gists/conversation_45.md",
    "title": "conversation 45",
    "updated": "2025-03-31T15:24:16"
  },
  {
    "filename": "conversation_46.md",
    "path": "gists/conversation_46.md",
    "title": "conversation 46",
    "updated": "2025-03-31T15:24:16"
  },
  {
    "filename": "conversation_47.md",
    "path": "gists/conversation_47.md",
    "title": "conversation 47",
    "updated": "2025-03-31T15:24:16"
  },
  {
    "filename": "conversation_48.md",
    "path": "gists/conversation_48.md",
    "title": "conversation 48",
    "updated": "2025-03-31T15:24:16"
  },
  {
    "filename": "conversation_49.md",
    "path": "gists/conversation_49.md",
    "title": "conversation 49",
    "updated": "2025-03-31T15:24:16"
  },
  {
    "filename": "conversation_5.md",
    "path": "gists/conversation_5.md",
    "title": "conversation 5",
    "updated": "2025-03-31T15:24:16"
  },
  {
    "filename": "conversation_50.md",
    "path": "gists/conversation_50.md",
    "title": "conversation 50",
    "updated": "2025-03-31T15:24:16"
  },
  {
    "filename": "conversation_51.md",
    "path": "gists/conversation_51.md",
    "title": "conversation 51",
    "updated": "2025-03-31T15:24:16"
  },
  {
    "filename": "conversation_52.md",
    "path": "gists/conversation_52.md",
    "title": "conversation 52",
    "updated": "2025-03-31T15:24:16"
  },
  {
    "filename": "conversation_53.md",
    "path": "gists/conversation_53.md",
    "title": "conversation 53",
    "updated": "2025-03-31T15:24:16"
  },
  {
    "filename": "conversation_54.md",
    "path": "gists/conversation_54.md",
    "title": "conversation 54",
    "updated": "2025-03-31T15:24:16"
  },
  {
    "filename": "conversation_55.md",
    "path": "gists/conversation_55.md",
    "title": "conversation 55",
    "updated": "2025-03-31T15:24:16"
  },
  {
    "filename": "conversation_56.md",
    "path": "gists/conversation_56.md",
    "title": "conversation 56",
    "updated": "2025-03-31T15:24:16"
  },
  {
    "filename": "conversation_57.md",
    "path": "gists/conversation_57.md",
    "title": "conversation 57",
    "updated": "2025-03-31T15:24:16"
  },
  {
    "filename": "conversation_58.md",
    "path": "gists/conversation_58.md",
    "title": "conversation 58",
    "updated": "2025-03-31T15:24:16"
  },
  {
    "filename": "conversation_59.md",
    "path": "gists/conversation_59.md",
    "title": "conversation 59",
    "updated": "2025-03-31T15:24:16"
  },
  {
    "filename": "conversation_6.md",
    "path": "gists/conversation_6.md",
    "title": "conversation 6",
    "updated": "2025-03-31T15:24:16"
  },
  {
    "filename": "conversation_60.md",
    "path": "gists/conversation_60.md",
    "title": "conversation 60",
    "updated": "2025-03-31T15:24:16"
  },
  {
    "filename": "conversation_61.md",
    "path": "gists/conversation_61.md",
    "title": "conversation 61",
    "updated": "2025-03-31T15:24:16"
  },
  {
    "filename": "conversation_62.md",
    "path": "gists/conversation_62.md",
    "title": "conversation 62",
    "updated": "2025-03-31T15:24:16"
  },
  {
    "filename": "conversation_63.md",
    "path": "gists/conversation_63.md",
    "title": "conversation 63",
    "updated": "2025-03-31T15:24:16"
  },
  {
    "filename": "conversation_64.md",
    "path": "gists/conversation_64.md",
    "title": "conversation 64",
    "updated": "2025-03-31T15:24:16"
  },
  {
    "filename": "conversation_65.md",
    "path": "gists/conversation_65.md",
    "title": "conversation 65",
    "updated": "2025-03-31T15:24:16"
  },
  {
    "filename": "conversation_66.md",
    "path": "gists/conversation_66.md",
    "title": "conversation 66",
    "updated": "2025-03-31T15:24:16"
  },
  {
    "filename": "conversation_67.md",
    "path": "gists/conversation_67.md",
    "title": "conversation 67",
    "updated": "2025-03-31T15:24:16"
  },
  {
    "filename": "conversation_68.md",
    "path": "gists/conversation_68.md",
    "title": "conversation 68",
    "updated": "2025-03-31T15:24:16"
  },
  {
    "filename": "conversation_69.md",
    "path": "gists/conversation_69.md",
    "title": "conversation 69",
    "updated": "2025-03-31T15:24:16"
  },
  {
    "filename": "conversation_7.md",
    "path": "gists/conversation_7.md",
    "title": "conversation 7",
    "updated": "2025-03-31T15:24:16"
  },
  {
    "filename": "conversation_70.md",
    "path": "gists/conversation_70.md",
    "title": "conversation 70",
    "updated": "2025-03-31T15:24:16"
  },
  {
    "filename": "conversation_71.md",
    "path": "gists/conversation_71.md",
    "title": "conversation 71",
    "updated": "2025-03-31T15:24:16"
  },
  {
    "filename": "conversation_72.md",
    "path": "gists/conversation_72.md",
    "title": "conversation 72",
    "updated": "2025-03-31T15:24:16"
  },
  {
    "filename": "conversation_73.md",
    "path": "gists/conversation_73.md",
    "title": "conversation 73",
    "updated": "2025-03-31T15:24:16"
  },
  {
    "filename": "conversation_74.md",
    "path": "gists/conversation_74.md",
    "title": "conversation 74",
    "updated": "2025-03-31T15:24:16"
  },
  {
    "filename": "conversation_75.md",
    "path": "gists/conversation_75.md",
    "title": "conversation 75",
    "updated": "2025-03-31T15:24:16"
  },
  {
    "filename": "conversation_76.md",
    "path": "gists/conversation_76.md",
    "title": "conversation 76",
    "updated": "2025-03-31T15:24:16"
  },
  {
    "filename": "conversation_77.md",
    "path": "gists/conversation_77.md",
    "title": "conversation 77",
    "updated": "2025-03-31T15:24:16"
  },
  {
    "filename": "conversation_78.md",
    "path": "gists/conversation_78.md",
    "title": "conversation 78",
    "updated": "2025-03-31T15:24:16"
  },
  {
    "filename": "conversation_79.md",
    "path": "gists/conversation_79.md",
    "title": "conversation 79",
    "updated": "2025-03-31T15:24:16"
  },
  {
    "filename": "conversation_8.md",
    "path": "gists/conversation_8.md",
    "title": "conversation 8",
    "updated": "2025-03-31T15:24:16"
  },
  {
    "filename": "conversation_80.md",
    "path": "gists/conversation_80.md",
    "title": "conversation 80",
    "updated": "2025-03-31T15:24:16"
  },
  {
    "filename": "conversation_81.md",
    "path": "gists/conversation_81.md",
    "title": "conversation 81",
    "updated": "2025-03-31T15:24:16"
  },
  {
    "filename": "conversation_82.md",
    "path": "gists/conversation_82.md",
    "title": "conversation 82",
    "updated": "2025-03-31T15:24:16"
  },
  {
    "filename": "conversation_83.md",
    "path": "gists/conversation_83.md",
    "title": "conversation 83",
    "updated": "2025-03-31T15:24:16"
  },
  {
    "filename": "conversation_84.md",
    "path": "gists/conversation_84.md",
    "title": "conversation 84",
    "updated": "2025-03-31T15:24:16"
  },
  {
    "filename": "conversation_85.md",
    "path": "gists/conversation_85.md",
    "title": "conversation 85",
    "updated": "2025-03-31T15:24:16"
  },
  {
    "filename": "conversation_86.md",
    "path": "gists/conversation_86.md",
    "title": "conversation 86",
    "updated": "2025-03-31T15:24:16"
  },
  {
    "filename": "conversation_87.md",
    "path": "gists/conversation_87.md",
    "title": "conversation 87",
    "updated": "2025-03-31T15:24:16"
  },
  {
    "filename": "conversation_88.md",
    "path": "gists/conversation_88.md",
    "title": "conversation 88",
    "updated": "2025-03-31T15:24:16"
  },
  {
    "filename": "conversation_89.md",
    "path": "gists/conversation_89.md",
    "title": "conversation 89",
    "updated": "2025-03-31T15:24:16"
  },
  {
    "filename": "conversation_9.md",
    "path": "gists/conversation_9.md",
    "title": "conversation 9",
    "updated": "2025-03-31T15:24:16"
  },
  {
    "filename": "conversation_90.md",
    "path": "gists/conversation_90.md",
    "title": "conversation 90",
    "updated": "2025-03-31T15:24:16"
  },
  {
    "filename": "conversation_91.md",
    "path": "gists/conversation_91.md",
    "title": "conversation 91",
    "updated": "2025-03-31T15:24:16"
  },
  {
    "filename": "conversation_92.md",
    "path": "gists/conversation_92.md",
    "title": "conversation 92",
    "updated": "2025-03-31T15:24:16"
  },
  {
    "filename": "conversation_93.md",
    "path": "gists/conversation_93.md",
    "title": "conversation 93",
    "updated": "2025-03-31T15:24:16"
  },
  {
    "filename": "conversation_94.md",
    "path": "gists/conversation_94.md",
    "title": "conversation 94",
    "updated": "2025-03-31T15:24:16"
  },
  {
    "filename": "conversation_95.md",
    "path": "gists/conversation_95.md",
    "title": "conversation 95",
    "updated": "2025-03-31T15:24:16"
  },
  {
    "filename": "conversation_96.md",
    "path": "gists/conversation_96.md",
    "title": "conversation 96",
    "updated": "2025-03-31T15:24:16"
  },
  {
    "filename": "conversation_97.md",
    "path": "gists/conversation_97.md",
    "title": "conversation 97",
    "updated": "2025-03-31T15:24:16"
  },
  {
    "filename": "conversation_98.md",
    "path": "gists/conversation_98.md",
    "title": "conversation 98",
    "updated": "2025-03-31T15:24:16"
  },
  {
    "filename": "conversation_99.md",
    "path": "gists/conversation_99.md",
    "title": "conversation 99",
    "updated": "2025-03-31T15:24:16"
  },
  {
    "filename": "profile_info.md",
    "path": "gists/profile_info.md",
    "title": "profile info",
    "updated": "2025-03-31T15:24:16"
  }
]